JobId,SessionId,Status,Reason,Created,Completed,Program,Name,Service,Instance,Tags,Usage (seconds)
cms74e9kvec0008wggm0,,Completed,,2023-10-20T12:27:37.296534Z,2023-10-20T21:50:09.443Z,circuit-runner,,ibm_cairo,ibm-q-internal/deployed/default,,7
cms74dh378ng008ttr00,,Completed,,2023-10-20T12:27:34.138628Z,2023-10-20T22:07:27.215Z,circuit-runner,,ibm_cairo,ibm-q-internal/deployed/default,,354
cms741rregeg008fbwcg,,Completed,,2023-10-20T12:26:47.388231Z,2023-10-20T21:49:36.588Z,circuit-runner,,ibm_cairo,ibm-q-internal/deployed/default,,7
cms7410regeg008fbwc0,,Completed,,2023-10-20T12:26:44.615189Z,2023-10-20T22:01:07.395Z,circuit-runner,,ibm_cairo,ibm-q-internal/deployed/default,,354
cms69sfkvec0008wgeng,,Completed,,2023-10-20T11:30:45.559542Z,2023-10-20T11:35:09.59Z,circuit-runner,,ibm_cairo,ibm-q-internal/deployed/default,,9
cms69rf378ng008ttnx0,,Completed,,2023-10-20T11:30:41.629151Z,2023-10-20T11:48:07.298Z,circuit-runner,,ibm_cairo,ibm-q-internal/deployed/default,,355
cms69jykvec0008wgen0,,Completed,,2023-10-20T11:30:19.533369Z,2023-10-20T11:34:50.482Z,circuit-runner,,ibm_cairo,ibm-q-internal/deployed/default,,9
cms69j6kvec0008wgemg,,Completed,,2023-10-20T11:30:17.053472Z,2023-10-20T11:56:54.848Z,circuit-runner,,ibm_cairo,ibm-q-internal/deployed/default,,357
cms23ne0c0f00089e18g,,Completed,,2023-10-20T06:44:37.215159Z,2023-10-20T13:41:34.928Z,circuit-runner,,ibm_hanoi,ibm-q-internal/deployed/default,,16
cms23mp0c0f00089e180,,Completed,,2023-10-20T06:44:34.964663Z,2023-10-20T13:41:18.241Z,circuit-runner,,ibm_hanoi,ibm-q-internal/deployed/default,,84
cms21j6kvec0008wg65g,,Failed,A pulse scheduling conflict occurred. Try increasing the lengths of any short pulses and/or inserting more delay between them.,2023-10-20T06:40:09.009987Z,2023-10-20T10:43:28.995Z,circuit-runner,,ibm_cairo,ibm-q-internal/deployed/default,,0
cms21h64mm8g008kbd9g,,Failed,A pulse scheduling conflict occurred. Try increasing the lengths of any short pulses and/or inserting more delay between them.,2023-10-20T06:40:04.975666Z,2023-10-20T10:43:45.186Z,circuit-runner,,ibm_cairo,ibm-q-internal/deployed/default,,0
cmrhmbsatjcg008xtkyg,,Failed,"QiskitError: 'Mismatch between run_config.parameter_binds and all circuit parameters. Parameter binds: [] Circuit parameters: [ParameterView([Parameter(phase)]), ParameterView([Parameter(phase)]), ParameterView([Parameter(phase)])]",2023-10-19T11:59:43.382829Z,2023-10-19T15:04:49.173Z,circuit-runner,,ibm_cairo,ibm-q-internal/deployed/default,,0
cmrhmb1wfj7g00867fy0,,Failed,"QiskitError: 'Mismatch between run_config.parameter_binds and all circuit parameters. Parameter binds: [] Circuit parameters: [ParameterView([Parameter(phase)]), ParameterView([Parameter(phase)]), ParameterView([Parameter(phase)]), ParameterView([Parameter(phase)]), ParameterView([Parameter(phase)]), ParameterView([Parameter(phase)]), ParameterView([Parameter(phase)]), ParameterView([Parameter(phase)]), ParameterView([Parameter(phase)]), ParameterView([Parameter(phase)]), ParameterView([Parameter(phase)]), ParameterView([Parameter(phase)]), ParameterView([Parameter(phase)]), ParameterView([Parameter(phase)]), ParameterView([Parameter(phase)]), ParameterView([Parameter(phase)]), ParameterView([Parameter(phase)]), ParameterView([Parameter(phase)]), ParameterView([Parameter(phase)]), ParameterView([Parameter(phase)]), ParameterView([Parameter(phase)]), ParameterView([Parameter(phase)]), ParameterView([Parameter(phase)]), ParameterView([Parameter(phase)]), ParameterView([Parameter(phase)]), ParameterView([Parameter(phase)]), ParameterView([Parameter(phase)]), ParameterView([Parameter(phase)]), ParameterView([Parameter(phase)]), ParameterView([Parameter(phase)]), ParameterView([Parameter(phase)]), ParameterView([Parameter(phase)]), ParameterView([Parameter(phase)]), ParameterView([Parameter(phase)]), ParameterView([Parameter(phase)]), ParameterView([Parameter(phase)]), ParameterView([Parameter(phase)]), ParameterView([Parameter(phase)]), ParameterView([Parameter(phase)]), ParameterView([Parameter(phase)]), ParameterView([Parameter(phase)]), ParameterView([Parameter(phase)]), ParameterView([Parameter(phase)]), ParameterView([Parameter(phase)]), ParameterView([Parameter(phase)]), ParameterView([Parameter(phase)]), ParameterView([Parameter(phase)]), ParameterView([Parameter(phase)]), ParameterView([Parameter(phase)]), ParameterView([Parameter(phase)]), ParameterView([Parameter(phase)]), ParameterView([Parameter(phase)]), ParameterView([Parameter(phase)]), ParameterView([Parameter(phase)]), ParameterView([Parameter(phase)]), ParameterView([Parameter(phase)]), ParameterView([Parameter(phase)]), ParameterView([Parameter(phase)]), ParameterView([Parameter(phase)]), ParameterView([Parameter(phase)]), ParameterView([Parameter(phase)]), ParameterView([Parameter(phase)]), ParameterView([Parameter(phase)]), ParameterView([Parameter(phase)]), ParameterView([Parameter(phase)]), ParameterView([Parameter(phase)]), ParameterView([Parameter(phase)]), ParameterView([Parameter(phase)]), ParameterView([Parameter(phase)]), ParameterView([Parameter(phase)]), ParameterView([Parameter(phase)]), ParameterView([Parameter(phase)]), ParameterView([Parameter(phase)]), ParameterView([Parameter(phase)]), ParameterView([Parameter(phase)]), ParameterView([Parameter(phase)]), ParameterView([Parameter(phase)]), ParameterView([Parameter(phase)]), ParameterView([Parameter(phase)]), ParameterView([Parameter(phase)]), ParameterView([Parameter(phase)]), ParameterView([Parameter(phase)]), ParameterView([Parameter(phase)]), ParameterView([Parameter(phase)]), ParameterView([Parameter(phase)]), ParameterView([Parameter(phase)]), ParameterView([Parameter(phase)]), ParameterView([Parameter(phase)]), ParameterView([Parameter(phase)]), ParameterView([Parameter(phase)]), ParameterView([Parameter(phase)]), ParameterView([Parameter(phase)]), ParameterView([Parameter(phase)]), ParameterView([Parameter(phase)]), ParameterView([Parameter(phase)]), ParameterView([Parameter(phase)]), ParameterView([Parameter(phase)]), ParameterView([Parameter(phase)]), ParameterView([Parameter(phase)]), ParameterView([Parameter(phase)]), ParameterView([Parameter(phase)]), ParameterView([Parameter(phase)]), ParameterView([Parameter(phase)]), ParameterView([Parameter(phase)]), ParameterView([Parameter(phase)]), ParameterView([Parameter(phase)]), ParameterView([Parameter(phase)]), ParameterView([Parameter(phase)]), ParameterView([Parameter(phase)]), ParameterView([Parameter(phase)]), ParameterView([Parameter(phase)]), ParameterView([Parameter(phase)]), ParameterView([Parameter(phase)]), ParameterView([Parameter(phase)]), ParameterView([Parameter(phase)]), ParameterView([Parameter(phase)]), ParameterView([Parameter(phase)]), ParameterView([Parameter(phase)]), ParameterView([Parameter(phase)]), ParameterView([Parameter(phase)]), ParameterView([Parameter(phase)]), ParameterView([Parameter(phase)]), ParameterView([Parameter(phase)]), ParameterView([Parameter(phase)]), ParameterView([Parameter(phase)]), ParameterView([Parameter(phase)]), ParameterView([Parameter(phase)]), ParameterView([Parameter(phase)]), ParameterView([Parameter(phase)]), ParameterView([Parameter(phase)]), ParameterView([Parameter(phase)]), ParameterView([Parameter(phase)]), ParameterView([Parameter(phase)]), ParameterView([Parameter(phase)]), ParameterView([Parameter(phase)]), ParameterView([Parameter(phase)]), ParameterView([Parameter(phase)]), ParameterView([Parameter(phase)]), ParameterView([Parameter(phase)]), ParameterView([Parameter(phase)]), ParameterView([Parameter(phase)]), ParameterView([Parameter(phase)]), ParameterView([Parameter(phase)]), ParameterView([Parameter(phase)]), ParameterView([Parameter(phase)]), ParameterView([Parameter(phase)]), ParameterView([Parameter(phase)]), ParameterView([Parameter(phase)]), ParameterView([Parameter(phase)]), ParameterView([Parameter(phase)]), ParameterView([Parameter(phase)]), ParameterView([Parameter(phase)]), ParameterView([Parameter(phase)]), ParameterView([Parameter(phase)]), ParameterView([Parameter(phase)]), ParameterView([Parameter(phase)]), ParameterView([Parameter(phase)]), ParameterView([Parameter(phase)]), ParameterView([Parameter(phase)]), ParameterView([Parameter(phase)]), ParameterView([Parameter(phase)]), ParameterView([Parameter(phase)]), ParameterView([Parameter(phase)]), ParameterView([Parameter(phase)]), ParameterView([Parameter(phase)]), ParameterView([Parameter(phase)]), ParameterView([Parameter(phase)]), ParameterView([Parameter(phase)]), ParameterView([Parameter(phase)]), ParameterView([Parameter(phase)]), ParameterView([Parameter(phase)]), ParameterView([Parameter(phase)]), ParameterView([Parameter(phase)]), ParameterView([Parameter(phase)]), ParameterView([Parameter(phase)]), ParameterView([Parameter(phase)]), ParameterView([Parameter(phase)]), ParameterView([Parameter(phase)]), ParameterView([Parameter(phase)]), ParameterView([Parameter(phase)]), ParameterView([Parameter(phase)]), ParameterView([Parameter(phase)]), ParameterView([Parameter(phase)]), ParameterView([Parameter(phase)]), ParameterView([Parameter(phase)]), ParameterView([Parameter(phase)]), ParameterView([Parameter(phase)]), ParameterView([Parameter(phase)]), ParameterView([Parameter(phase)]), ParameterView([Parameter(phase)]), ParameterView([Parameter(phase)]), ParameterView([Parameter(phase)]), ParameterView([Parameter(phase)]), ParameterView([Parameter(phase)]), ParameterView([Parameter(phase)]), ParameterView([Parameter(phase)]), ParameterView([Parameter(phase)]), ParameterView([Parameter(phase)]), ParameterView([Parameter(phase)]), ParameterView([Parameter(phase)]), ParameterView([Parameter(phase)]), ParameterView([Parameter(phase)]), ParameterView([Parameter(phase)]), ParameterView([Parameter(phase)]), ParameterView([Parameter(phase)]), ParameterView([Parameter(phase)]), ParameterView([Parameter(phase)]), ParameterView([Parameter(phase)]), ParameterView([Parameter(phase)]), ParameterView([Parameter(phase)]), ParameterView([Parameter(phase)]), ParameterView([Parameter(phase)]), ParameterView([Parameter(phase)]), ParameterView([Parameter(phase)]), ParameterView([Parameter(phase)]), ParameterView([Parameter(phase)]), ParameterView([Parameter(phase)]), ParameterView([Parameter(phase)]), ParameterView([Parameter(phase)]), ParameterView([Parameter(phase)]), ParameterView([Parameter(phase)]), ParameterView([Parameter(phase)]), ParameterView([Parameter(phase)]), ParameterView([Parameter(phase)]), ParameterView([Parameter(phase)]), ParameterView([Parameter(phase)]), ParameterView([Parameter(phase)]), ParameterView([Parameter(phase)]), ParameterView([Parameter(phase)]), ParameterView([Parameter(phase)]), ParameterView([Parameter(phase)]), ParameterView([Parameter(phase)]), ParameterView([Parameter(phase)]), ParameterView([Parameter(phase)]), ParameterView([Parameter(phase)]), ParameterView([Parameter(phase)]), ParameterView([Parameter(phase)]), ParameterView([Parameter(phase)]), ParameterView([Parameter(phase)]), ParameterView([Parameter(phase)]), ParameterView([Parameter(phase)]), ParameterView([Parameter(phase)]), ParameterView([Parameter(phase)]), ParameterView([Parameter(phase)]), ParameterView([Parameter(phase)]), ParameterView([Parameter(phase)]), ParameterView([Parameter(phase)]), ParameterView([Parameter(phase)]), ParameterView([Parameter(phase)]), ParameterView([Parameter(phase)]), ParameterView([Parameter(phase)]), ParameterView([Parameter(phase)]), ParameterView([Parameter(phase)]), ParameterView([Parameter(phase)]), ParameterView([Parameter(phase)]), ParameterView([Parameter(phase)]), ParameterView([Parameter(phase)]), ParameterView([Parameter(phase)]), ParameterView([Parameter(phase)]), ParameterView([Parameter(phase)]), ParameterView([Parameter(phase)]), ParameterView([Parameter(phase)]), ParameterView([Parameter(phase)]), ParameterView([Parameter(phase)]), ParameterView([Parameter(phase)]), ParameterView([Parameter(phase)]), ParameterView([Parameter(phase)]), ParameterView([Parameter(phase)]), ParameterView([Parameter(phase)]), ParameterView([Parameter(phase)]), ParameterView([Parameter(phase)]), ParameterView([Parameter(phase)]), ParameterView([Parameter(phase)]), ParameterView([Parameter(phase)]), ParameterView([Parameter(phase)]), ParameterView([Parameter(phase)]), ParameterView([Parameter(phase)]), ParameterView([Parameter(phase)]), ParameterView([Parameter(phase)]), ParameterView([Parameter(phase)]), ParameterView([Parameter(phase)]), ParameterView([Parameter(phase)]), ParameterView([Parameter(phase)]), ParameterView([Parameter(phase)]), ParameterView([Parameter(phase)]), ParameterView([Parameter(phase)]), ParameterView([Parameter(phase)]), ParameterView([Parameter(phase)]), ParameterView([Parameter(phase)]), ParameterView([Parameter(phase)]), ParameterView([Parameter(phase)]), ParameterView([Parameter(phase)]), ParameterView([Parameter(phase)]), ParameterView([Parameter(phase)]), ParameterView([Parameter(phase)]), ParameterView([Parameter(phase)]), ParameterView([Parameter(phase)]), ParameterView([Parameter(phase)]), ParameterView([Parameter(phase)]), ParameterView([Parameter(phase)])]",2023-10-19T11:59:40.372825Z,2023-10-19T15:04:54.793Z,circuit-runner,,ibm_cairo,ibm-q-internal/deployed/default,,0
cmq866gt1cx0008yv8hg,,Completed,,2023-10-17T12:50:34.500343Z,2023-10-17T16:17:35.411Z,circuit-runner,,ibm_cairo,ibm-q-internal/deployed/default,,235
cmq8660e9d50008057cg,,Completed,,2023-10-17T12:50:32.222662Z,2023-10-17T16:13:34.592Z,circuit-runner,,ibm_cairo,ibm-q-internal/deployed/default,,333
cmq8650t1cx0008yv8h0,,Completed,,2023-10-17T12:50:28.714166Z,2023-10-17T16:07:30.356Z,circuit-runner,,ibm_cairo,ibm-q-internal/deployed/default,,333
cmq8648e9d50008057c0,,Completed,,2023-10-17T12:50:25.720717Z,2023-10-17T16:01:14.351Z,circuit-runner,,ibm_cairo,ibm-q-internal/deployed/default,,333
cmq7sgpt1cx0008yv7y0,,Completed,,2023-10-17T12:23:31.014744Z,2023-10-17T15:37:26.402Z,circuit-runner,,ibm_nazca,ibm-q-internal/deployed/default,,19
cmq7sg6r7nhg008x5wh0,,Completed,,2023-10-17T12:23:28.296853Z,2023-10-17T15:38:55.086Z,circuit-runner,,ibm_nazca,ibm-q-internal/deployed/default,,87
cmq7rbsr2qtg008bz68g,,Completed,,2023-10-17T12:21:03.816193Z,2023-10-17T12:43:25.443Z,circuit-runner,,ibm_cairo,ibm-q-internal/deployed/default,,235
cmq7rb9r2qtg008bz680,,Completed,,2023-10-17T12:21:01.524906Z,2023-10-17T12:39:30.099Z,circuit-runner,,ibm_cairo,ibm-q-internal/deployed/default,,333
cmq7ras0tkw0008z4dng,,Completed,,2023-10-17T12:20:59.128379Z,2023-10-17T12:33:57.059Z,circuit-runner,,ibm_cairo,ibm-q-internal/deployed/default,,333
cmq7ra1r2qtg008bz67g,,Completed,,2023-10-17T12:20:56.444298Z,2023-10-17T12:28:23.658Z,circuit-runner,,ibm_cairo,ibm-q-internal/deployed/default,,332
cmq7j3gt1cx0008yv7k0,,Completed,,2023-10-17T12:07:42.908148Z,2023-10-17T12:09:27.643Z,circuit-runner,,ibm_cairo,ibm-q-internal/deployed/default,,17
cmq7j1gr2qtg008bz5vg,,Completed,,2023-10-17T12:07:35.019802Z,2023-10-17T12:09:10.893Z,circuit-runner,,ibm_cairo,ibm-q-internal/deployed/default,,87
cmq6kz7gh50g008jm420,,Completed,,2023-10-17T11:03:24.23259Z,2023-10-17T11:41:32.916Z,circuit-runner,,ibm_cairo,ibm-q-internal/deployed/default,,62
cmq6kyfgh50g008jm41g,,Completed,,2023-10-17T11:03:21.693296Z,2023-10-17T11:39:02.747Z,circuit-runner,,ibm_cairo,ibm-q-internal/deployed/default,,87
cmq6kxqyj8fg0080nf20,,Completed,,2023-10-17T11:03:18.55985Z,2023-10-17T11:40:30.217Z,circuit-runner,,ibm_cairo,ibm-q-internal/deployed/default,,87
cmq6kx7yj8fg0080nf1g,,Completed,,2023-10-17T11:03:16.001267Z,2023-10-17T11:37:29.896Z,circuit-runner,,ibm_cairo,ibm-q-internal/deployed/default,,87
cmpjqyqyj8fg0080mrwg,,Completed,,2023-10-16T12:26:34.319368Z,2023-10-16T20:25:35.805Z,circuit-runner,,ibm_cairo,ibm-q-internal/deployed/default,,17
cmpjqy7cbtrg00881md0,,Completed,,2023-10-16T12:26:32.142117Z,2023-10-16T20:25:15.06Z,circuit-runner,,ibm_cairo,ibm-q-internal/deployed/default,,87
cmpg90cyj8fg0080mmw0,,Completed,,2023-10-16T09:38:09.062891Z,2023-10-16T12:22:23.321Z,circuit-runner,,ibm_cairo,ibm-q-internal/deployed/default,,17
cmpg8zvz28fg0089e4w0,,Completed,,2023-10-16T09:38:07.188516Z,2023-10-16T12:23:51.095Z,circuit-runner,,ibm_cairo,ibm-q-internal/deployed/default,,87
cmpfyybyj8fg0080mkwg,,Completed,,2023-10-16T09:16:41.030074Z,2023-10-16T09:18:41.055Z,circuit-runner,,ibm_cairo,ibm-q-internal/deployed/default,,115
cmpfqsqb9x9g0088smrg,,Completed,,2023-10-16T09:01:26.800648Z,2023-10-16T09:03:28.769Z,circuit-runner,,ibm_cairo,ibm-q-internal/deployed/default,,115
cmpfqkez28fg0089e3p0,,Cancelled,,2023-10-16T09:01:01.272711Z,2023-10-16T09:01:15.157827Z,circuit-runner,,ibm_cairo,ibm-q-internal/deployed/default,,0
cmpf8e1yj8fg0080mjmg,,Completed,,2023-10-16T08:28:40.067774Z,2023-10-16T08:35:49.719Z,circuit-runner,,ibm_cairo,ibm-q-internal/deployed/default,,115
cmpf208gh50g008jk3c0,,Completed,,2023-10-16T08:14:57.812081Z,2023-10-16T08:19:19.225Z,circuit-runner,,ibm_cairo,ibm-q-internal/deployed/default,,120
cmpeytbgh50g008jk36g,,Completed,,2023-10-16T08:08:09.884037Z,2023-10-16T08:17:19.087Z,circuit-runner,,ibm_cairo,ibm-q-internal/deployed/default,,115
cmpeyr3yj8fg0080mje0,,Completed,,2023-10-16T08:08:00.922675Z,2023-10-16T08:15:23.983Z,circuit-runner,,ibm_cairo,ibm-q-internal/deployed/default,,120
cmpeyp2b9x9g0088skbg,,Completed,,2023-10-16T08:07:52.281689Z,2023-10-16T08:13:24.036Z,circuit-runner,,ibm_cairo,ibm-q-internal/deployed/default,,115
cmpeykjb9x9g0088skb0,,Completed,,2023-10-16T08:07:42.939628Z,2023-10-16T08:11:28.951Z,circuit-runner,,ibm_cairo,ibm-q-internal/deployed/default,,115
cmpeyhjz28fg0089e2xg,,Completed,,2023-10-16T08:07:34.769539Z,2023-10-16T08:09:33.975Z,circuit-runner,,ibm_cairo,ibm-q-internal/deployed/default,,114
cmmgyqj2hnf000830rz0,,Completed,,2023-10-13T09:35:26.978893Z,2023-10-13T09:49:44.63Z,circuit-runner,,ibm_cairo,ibm-q-internal/deployed/default,,17
cmmgyqa2hnf000830ryg,,Completed,,2023-10-13T09:35:25.216998Z,2023-10-13T09:49:09.303Z,circuit-runner,,ibm_cairo,ibm-q-internal/deployed/default,,87
cmmgyk212ghg0088x350,,Completed,,2023-10-13T09:35:08.304828Z,2023-10-13T09:35:26.276Z,circuit-runner,,ibmq_jakarta,ibm-q-internal/deployed/default,,15
cmmgyjjrcq000080cq8g,,Completed,,2023-10-13T09:35:06.31536Z,2023-10-13T09:36:48.949Z,circuit-runner,,ibmq_jakarta,ibm-q-internal/deployed/default,,83
cmmgh9x2hnf000830rtg,,Completed,,2023-10-13T09:06:47.610573Z,2023-10-13T15:09:09.789Z,circuit-runner,,ibm_hanoi,ibm-q-internal/deployed/default,,45
cmmgh9d12ghg0088x320,,Completed,,2023-10-13T09:06:45.434408Z,2023-10-13T15:08:24.292Z,circuit-runner,,ibm_hanoi,ibm-q-internal/deployed/default,,89
cmmgh952hnf000830rt0,,Completed,,2023-10-13T09:06:44.529965Z,2023-10-13T09:47:23.584Z,circuit-runner,,ibm_cairo,ibm-q-internal/deployed/default,,45
cmmgh8n4acc0008j1fn0,,Completed,,2023-10-13T09:06:42.677504Z,2023-10-13T15:06:55.203Z,circuit-runner,,ibm_hanoi,ibm-q-internal/deployed/default,,89
cmmgh8n2hnf000830rsg,,Completed,,2023-10-13T09:06:42.5886Z,2023-10-13T09:46:19.787Z,circuit-runner,,ibm_cairo,ibm-q-internal/deployed/default,,90
cmmgh7w8tsq000809z5g,,Completed,,2023-10-13T09:06:39.85891Z,2023-10-13T15:05:25.681Z,circuit-runner,,ibm_hanoi,ibm-q-internal/deployed/default,,89
cmmgh7w4acc0008j1fmg,,Completed,,2023-10-13T09:06:39.690352Z,2023-10-13T09:44:24.95Z,circuit-runner,,ibm_cairo,ibm-q-internal/deployed/default,,90
cmmgh7caa7w0008pftm0,,Completed,,2023-10-13T09:06:37.258077Z,2023-10-13T15:03:56.318Z,circuit-runner,,ibm_hanoi,ibm-q-internal/deployed/default,,94
cmmgh7c12ghg0088x31g,,Completed,,2023-10-13T09:06:37.108133Z,2023-10-13T09:42:09.098Z,circuit-runner,,ibm_cairo,ibm-q-internal/deployed/default,,90
cmmgh6w12ghg0088x310,,Completed,,2023-10-13T09:06:35.027405Z,2023-10-13T09:40:19.596Z,circuit-runner,,ibm_cairo,ibm-q-internal/deployed/default,,90
cmmgh6m8tsq000809z50,,Completed,,2023-10-13T09:06:34.414644Z,2023-10-13T15:02:21.767Z,circuit-runner,,ibm_hanoi,ibm-q-internal/deployed/default,,88
cmmgh6412ghg0088x30g,,Completed,,2023-10-13T09:06:32.611069Z,2023-10-13T09:38:30.999Z,circuit-runner,,ibm_cairo,ibm-q-internal/deployed/default,,89
cmmgh5w2hnf000830rrg,,Completed,,2023-10-13T09:06:31.450471Z,2023-10-13T15:00:53.357Z,circuit-runner,,ibm_hanoi,ibm-q-internal/deployed/default,,88
cmmgh5m12ghg0088x300,,Completed,,2023-10-13T09:06:30.345058Z,2023-10-13T09:36:43.181Z,circuit-runner,,ibm_cairo,ibm-q-internal/deployed/default,,94
cmmgh54rcq000080cq3g,,Completed,,2023-10-13T09:06:28.000218Z,2023-10-13T14:59:24.787Z,circuit-runner,,ibm_hanoi,ibm-q-internal/deployed/default,,88
cmmgh4waa7w0008pftkg,,Completed,,2023-10-13T09:06:27.326343Z,2023-10-13T09:34:45.151Z,circuit-runner,,ibm_cairo,ibm-q-internal/deployed/default,,89
cmmegpt2hnf000830qw0,,Completed,,2023-10-13T06:48:59.657397Z,2023-10-13T08:49:36.146Z,circuit-runner,,ibm_hanoi,ibm-q-internal/deployed/default,,334
cmmegg2rcq000080cpg0,,Completed,,2023-10-13T06:48:32.086069Z,2023-10-13T08:40:47.516Z,circuit-runner,,ibm_hanoi,ibm-q-internal/deployed/default,,334
cmme9exrcq000080cpdg,,Cancelled,,2023-10-13T06:33:31.884052Z,2023-10-13T06:53:14.775053Z,circuit-runner,,ibm_cairo,ibm-q-internal/deployed/default,,0
cmme9dxaa7w0008pft5g,,Failed,Total samples exceeds the maximum number of samples for channel d7. (270432 > 258144),2023-10-13T06:33:27.759845Z,2023-10-13T06:33:35.076Z,circuit-runner,,ibm_cairo,ibm-q-internal/deployed/default,,0
cmm0d6caa7w0008pfee0,,Completed,,2023-10-12T14:45:45.388843Z,2023-10-12T14:46:02.887Z,circuit-runner,,ibmq_jakarta,ibm-q-internal/deployed/default,,14
cmm0d5maa7w0008pfedg,,Completed,,2023-10-12T14:45:42.865494Z,2023-10-12T14:47:25.693Z,circuit-runner,,ibmq_jakarta,ibm-q-internal/deployed/default,,83
cmm0bed8tsq000809pjg,,Completed,,2023-10-12T14:42:01.489492Z,2023-10-12T14:42:15.551Z,circuit-runner,,ibmq_jakarta,ibm-q-internal/deployed/default,,11
cmm07c52hnf000830by0,,Completed,,2023-10-12T14:33:20.087723Z,2023-10-12T14:33:37.812Z,circuit-runner,,ibmq_jakarta,ibm-q-internal/deployed/default,,14
cmm07bd8tsq000809ph0,,Completed,,2023-10-12T14:33:17.479171Z,2023-10-12T14:35:00.492Z,circuit-runner,,ibmq_jakarta,ibm-q-internal/deployed/default,,83
cmkzzcn2hnf000830bt0,,Completed,,2023-10-12T14:16:18.445893Z,2023-10-12T14:16:37.887Z,circuit-runner,,ibmq_jakarta,ibm-q-internal/deployed/default,,14
cmkzzc5rcq000080cch0,,Completed,,2023-10-12T14:16:16.35632Z,2023-10-12T14:18:00.644Z,circuit-runner,,ibmq_jakarta,ibm-q-internal/deployed/default,,83
cmkzxxfrcq000080cce0,,Completed,,2023-10-12T14:13:09.56142Z,2023-10-12T14:14:14.194Z,circuit-runner,,ibmq_jakarta,ibm-q-internal/deployed/default,,58
cmkzxwq4acc0008j13kg,,Failed,Total samples exceeds the maximum number of samples for channel d4. (270432 > 258144),2023-10-12T14:13:06.945073Z,2023-10-12T14:13:13.06Z,circuit-runner,,ibmq_jakarta,ibm-q-internal/deployed/default,,0
cmkvdan4acc0008j11n0,,Completed,,2023-10-12T09:04:42.700148Z,2023-10-12T15:11:06.875Z,circuit-runner,,ibm_cairo,ibm-q-internal/deployed/default,,62
cmkvd9x12ghg0088wphg,,Failed,Total samples exceeds the maximum number of samples for channel d7. (270432 > 258144),2023-10-12T09:04:39.452186Z,2023-10-12T15:09:35.435Z,circuit-runner,,ibm_cairo,ibm-q-internal/deployed/default,,0
cmk9k34rcq000080bqvg,,Completed,,2023-10-11T12:48:12.311643Z,2023-10-11T19:06:46.518Z,circuit-runner,,ibm_hanoi,ibm-q-internal/deployed/default,,44
cmk9k2mrcq000080bqv0,,Completed,,2023-10-11T12:48:10.302939Z,2023-10-11T19:05:46.449Z,circuit-runner,,ibm_hanoi,ibm-q-internal/deployed/default,,87
cmk9k1m8tsq0008092h0,,Completed,,2023-10-11T12:48:06.731888Z,2023-10-11T19:04:06.288Z,circuit-runner,,ibm_hanoi,ibm-q-internal/deployed/default,,87
cmk9k0wrcq000080bqtg,,Completed,,2023-10-11T12:48:03.797183Z,2023-10-11T19:02:12.721Z,circuit-runner,,ibm_hanoi,ibm-q-internal/deployed/default,,87
cmk9jzkrcq000080bqt0,,Completed,,2023-10-11T12:47:58.921984Z,2023-10-11T19:00:17.974Z,circuit-runner,,ibm_hanoi,ibm-q-internal/deployed/default,,86
cmk9jyv8tsq0008092gg,,Completed,,2023-10-11T12:47:55.249719Z,2023-10-11T18:58:33.568Z,circuit-runner,,ibm_hanoi,ibm-q-internal/deployed/default,,86
cmk9jwvrcq000080bqsg,,Completed,,2023-10-11T12:47:47.79448Z,2023-10-11T18:56:55.755Z,circuit-runner,,ibm_hanoi,ibm-q-internal/deployed/default,,86
cmk9jvvaa7w0008pettg,,Completed,,2023-10-11T12:47:43.836898Z,2023-10-11T18:55:12.521Z,circuit-runner,,ibm_hanoi,ibm-q-internal/deployed/default,,86
cmk7ektrcq000080bn40,,Completed,,2023-10-11T10:22:07.247937Z,2023-10-11T12:21:12.376Z,circuit-runner,,ibm_cairo,ibm-q-internal/deployed/default,,46
cmk7ek2rcq000080bn3g,,Completed,,2023-10-11T10:22:04.914567Z,2023-10-11T12:20:25.683Z,circuit-runner,,ibm_cairo,ibm-q-internal/deployed/default,,92
cmk7eja8tsq0008090bg,,Completed,,2023-10-11T10:22:01.837366Z,2023-10-11T12:18:53.191Z,circuit-runner,,ibm_cairo,ibm-q-internal/deployed/default,,91
cmk7ehjtv5jg008ent80,,Completed,,2023-10-11T10:21:58.653497Z,2023-10-11T12:17:21.274Z,circuit-runner,,ibm_cairo,ibm-q-internal/deployed/default,,91
cmk7egt8tsq0008090b0,,Completed,,2023-10-11T10:21:55.179756Z,2023-10-11T12:15:49.181Z,circuit-runner,,ibm_cairo,ibm-q-internal/deployed/default,,91
cmk7efsrcq000080bn30,,Completed,,2023-10-11T10:21:51.786407Z,2023-10-11T12:14:17.222Z,circuit-runner,,ibm_cairo,ibm-q-internal/deployed/default,,91
cmk7ef18tsq0008090ag,,Completed,,2023-10-11T10:21:48.282893Z,2023-10-11T12:12:45.686Z,circuit-runner,,ibm_cairo,ibm-q-internal/deployed/default,,91
cmk7eds12ghg0088w1m0,,Completed,,2023-10-11T10:21:43.459782Z,2023-10-11T12:11:14.226Z,circuit-runner,,ibm_cairo,ibm-q-internal/deployed/default,,91
cmk65bxtv5jg008ense0,,Completed,,2023-10-11T08:54:07.421365Z,2023-10-11T10:00:19.54Z,circuit-runner,,ibm_hanoi,ibm-q-internal/deployed/default,,47
cmk65bd12ghg0088w0wg,,Completed,,2023-10-11T08:54:05.280735Z,2023-10-11T09:59:24.288Z,circuit-runner,,ibm_hanoi,ibm-q-internal/deployed/default,,91
cmk65anrcq000080bm40,,Completed,,2023-10-11T08:54:02.303337Z,2023-10-11T09:57:24.415Z,circuit-runner,,ibm_hanoi,ibm-q-internal/deployed/default,,91
cmk659x12ghg0088w0w0,,Completed,,2023-10-11T08:53:59.401506Z,2023-10-11T09:55:35.858Z,circuit-runner,,ibm_hanoi,ibm-q-internal/deployed/default,,91
cmk659512ghg0088w0vg,,Completed,,2023-10-11T08:53:56.391359Z,2023-10-11T09:53:02.803Z,circuit-runner,,ibm_hanoi,ibm-q-internal/deployed/default,,91
cmk658dtv5jg008ensdg,,Completed,,2023-10-11T08:53:53.468185Z,2023-10-11T09:51:10.659Z,circuit-runner,,ibm_hanoi,ibm-q-internal/deployed/default,,89
cmk657mrcq000080bm3g,,Failed,TimeoutError: ,2023-10-11T08:53:50.193326Z,2023-10-11T09:59:13.424Z,circuit-runner,,ibm_hanoi,ibm-q-internal/deployed/default,,0
cmk656m12ghg0088w0v0,,Completed,,2023-10-11T08:53:46.805672Z,2023-10-11T09:49:14.016Z,circuit-runner,,ibm_hanoi,ibm-q-internal/deployed/default,,89
cmjmq5m6n5g0008xpg1g,,Completed,,2023-10-10T13:03:18.917077Z,2023-10-10T18:54:32.876Z,circuit-runner,,ibm_cairo,ibm-q-internal/deployed/default,,45
cmjmq5c52bbg00825e70,,Completed,,2023-10-10T13:03:17.201588Z,2023-10-10T14:46:24.69Z,circuit-runner,,ibm_hanoi,ibm-q-internal/deployed/default,,45
cmjmq4wjnr0g0084c6rg,,Completed,,2023-10-10T13:03:15.476325Z,2023-10-10T14:45:13.245Z,circuit-runner,,ibm_hanoi,ibm-q-internal/deployed/default,,90
cmjmq4wffjhg0084wdw0,,Completed,,2023-10-10T13:03:15.370538Z,2023-10-10T18:53:47.198Z,circuit-runner,,ibm_cairo,ibm-q-internal/deployed/default,,91
cmjmq445mym0008dvk80,,Completed,,2023-10-10T13:03:12.781432Z,2023-10-10T18:52:15.503Z,circuit-runner,,ibm_cairo,ibm-q-internal/deployed/default,,91
cmjmq3cjnr0g0084c6r0,,Completed,,2023-10-10T13:03:09.731757Z,2023-10-10T18:50:43.894Z,circuit-runner,,ibm_cairo,ibm-q-internal/deployed/default,,91
cmjmq3c52bbg00825e6g,,Completed,,2023-10-10T13:03:09.047777Z,2023-10-10T14:43:17.595Z,circuit-runner,,ibm_hanoi,ibm-q-internal/deployed/default,,89
cmjmq2m6n5g0008xpg10,,Completed,,2023-10-10T13:03:06.38126Z,2023-10-10T18:49:12.455Z,circuit-runner,,ibm_cairo,ibm-q-internal/deployed/default,,91
cmjmq2m52bbg00825e60,,Completed,,2023-10-10T13:03:06.333503Z,2023-10-10T14:41:16.055Z,circuit-runner,,ibm_hanoi,ibm-q-internal/deployed/default,,89
cmjmq1w6n5g0008xpg0g,,Completed,,2023-10-10T13:03:03.358181Z,2023-10-10T14:39:25.726Z,circuit-runner,,ibm_hanoi,ibm-q-internal/deployed/default,,89
cmjmq1wffjhg0084wdvg,,Completed,,2023-10-10T13:03:03.204732Z,2023-10-10T18:47:41.167Z,circuit-runner,,ibm_cairo,ibm-q-internal/deployed/default,,91
cmjmq14ffjhg0084wdv0,,Completed,,2023-10-10T13:03:00.93782Z,2023-10-10T18:45:28.558Z,circuit-runner,,ibm_cairo,ibm-q-internal/deployed/default,,91
cmjmq14jnr0g0084c6qg,,Completed,,2023-10-10T13:03:00.551002Z,2023-10-10T14:37:49.132Z,circuit-runner,,ibm_hanoi,ibm-q-internal/deployed/default,,88
cmjmq0c5mym0008dvk7g,,Completed,,2023-10-10T13:02:57.794736Z,2023-10-10T14:35:48.113Z,circuit-runner,,ibm_hanoi,ibm-q-internal/deployed/default,,88
cmjmq0cz44x0008bw9gg,,Failed,Timed out waiting for job to finish.,2023-10-10T13:02:57.74247Z,2023-10-10T18:43:01.348Z,circuit-runner,,ibm_cairo,ibm-q-internal/deployed/default,,91
cmjmpzkjnr0g0084c6q0,,Completed,,2023-10-10T13:02:54.670096Z,2023-10-10T14:33:53.845Z,circuit-runner,,ibm_hanoi,ibm-q-internal/deployed/default,,88
cmjhvqystv5g008dwr30,,Completed,,2023-10-10T09:48:15.839116Z,2023-10-10T10:18:56.702Z,circuit-runner,,ibm_cairo,ibm-q-internal/deployed/default,,46
cmjhvqe46rg0008jez8g,,Completed,,2023-10-10T09:48:13.474558Z,2023-10-10T10:18:05.333Z,circuit-runner,,ibm_cairo,ibm-q-internal/deployed/default,,91
cmjhvpebbyng008ndfyg,,Completed,,2023-10-10T09:48:09.416164Z,2023-10-10T10:16:05.952Z,circuit-runner,,ibm_cairo,ibm-q-internal/deployed/default,,91
cmjhvn6stv5g008dwr2g,,Completed,,2023-10-10T09:48:04.676702Z,2023-10-10T10:14:02.613Z,circuit-runner,,ibm_cairo,ibm-q-internal/deployed/default,,90
cmjhvme0hk70008sqyjg,,Completed,,2023-10-10T09:48:01.316488Z,2023-10-10T10:12:06.332Z,circuit-runner,,ibm_cairo,ibm-q-internal/deployed/default,,91
cmjhvkp0t6t00085yjb0,,Completed,,2023-10-10T09:47:58.569088Z,2023-10-10T10:10:28.526Z,circuit-runner,,ibm_cairo,ibm-q-internal/deployed/default,,89
cmjhvjy0t6t00085yjag,,Completed,,2023-10-10T09:47:55.845464Z,2023-10-10T10:08:27.025Z,circuit-runner,,ibm_cairo,ibm-q-internal/deployed/default,,89
cmjhvhy0hk70008sqyj0,,Completed,,2023-10-10T09:47:51.515623Z,2023-10-10T10:06:36.487Z,circuit-runner,,ibm_cairo,ibm-q-internal/deployed/default,,89
cmjg52mbbyng008nddy0,,Completed,,2023-10-10T07:51:38.042391Z,2023-10-10T08:26:36.387Z,circuit-runner,,ibm_hanoi,ibm-q-internal/deployed/default,,44
cmjg51w0hk70008sqwd0,,Completed,,2023-10-10T07:51:35.789058Z,2023-10-10T08:25:52.455Z,circuit-runner,,ibm_hanoi,ibm-q-internal/deployed/default,,87
cmjg51c46rg0008jewy0,,Completed,,2023-10-10T07:51:33.548607Z,2023-10-10T08:24:25.383Z,circuit-runner,,ibm_hanoi,ibm-q-internal/deployed/default,,86
cmjg50m974bg0085kkdg,,Completed,,2023-10-10T07:51:30.750045Z,2023-10-10T08:22:58.591Z,circuit-runner,,ibm_hanoi,ibm-q-internal/deployed/default,,87
cmjg4zv0hk70008sqwc0,,Completed,,2023-10-10T07:51:27.512874Z,2023-10-10T08:21:31.362Z,circuit-runner,,ibm_hanoi,ibm-q-internal/deployed/default,,87
cmjg4zb0hk70008sqwbg,,Completed,,2023-10-10T07:51:25.090753Z,2023-10-10T08:18:37.508Z,circuit-runner,,ibm_hanoi,ibm-q-internal/deployed/default,,86
cmjg4yk0t6t00085yg70,,Completed,,2023-10-10T07:51:22.51284Z,2023-10-10T08:20:03.969Z,circuit-runner,,ibm_hanoi,ibm-q-internal/deployed/default,,86
cmjg4xv974bg0085kkcg,,Completed,,2023-10-10T07:51:19.800575Z,2023-10-10T08:17:11.432Z,circuit-runner,,ibm_hanoi,ibm-q-internal/deployed/default,,86
cmjfgasbbyng008nddgg,,Completed,,2023-10-10T07:07:23.979792Z,2023-10-10T09:00:57.979Z,circuit-runner,,ibm_cairo,ibm-q-internal/deployed/default,,46
cmjfga9stv5g008dwn0g,,Completed,,2023-10-10T07:07:21.576932Z,2023-10-10T09:00:11.444Z,circuit-runner,,ibm_cairo,ibm-q-internal/deployed/default,,90
cmjfg9sbbyng008nddg0,,Completed,,2023-10-10T07:07:19.217593Z,2023-10-10T07:32:56.58Z,circuit-runner,,ibm_hanoi,ibm-q-internal/deployed/default,,43
cmjfg9h0t6t00085yfw0,,Completed,,2023-10-10T07:07:18.911265Z,2023-10-10T08:58:40.792Z,circuit-runner,,ibm_cairo,ibm-q-internal/deployed/default,,90
cmjfg99stv5g008dwn00,,Completed,,2023-10-10T07:07:17.051423Z,2023-10-10T07:32:12.739Z,circuit-runner,,ibm_hanoi,ibm-q-internal/deployed/default,,86
cmjfg8hstv5g008dwmzg,,Completed,,2023-10-10T07:07:14.852582Z,2023-10-10T07:30:46.106Z,circuit-runner,,ibm_hanoi,ibm-q-internal/deployed/default,,86
cmjfg8hstv5g008dwmz0,,Completed,,2023-10-10T07:07:14.245081Z,2023-10-10T08:57:10.33Z,circuit-runner,,ibm_cairo,ibm-q-internal/deployed/default,,90
cmjfg81bbyng008nddfg,,Completed,,2023-10-10T07:07:12.024769Z,2023-10-10T07:29:19.573Z,circuit-runner,,ibm_hanoi,ibm-q-internal/deployed/default,,86
cmjfg7r46rg0008jewj0,,Completed,,2023-10-10T07:07:11.739735Z,2023-10-10T08:55:39.779Z,circuit-runner,,ibm_cairo,ibm-q-internal/deployed/default,,91
cmjfg700hk70008sqvyg,,Completed,,2023-10-10T07:07:08.072824Z,2023-10-10T07:27:53.413Z,circuit-runner,,ibm_hanoi,ibm-q-internal/deployed/default,,86
cmjfg6r974bg0085kk00,,Completed,,2023-10-10T07:07:07.65113Z,2023-10-10T07:42:50.207Z,circuit-runner,,ibm_cairo,ibm-q-internal/deployed/default,,89
cmjfg68974bg0085kjzg,,Completed,,2023-10-10T07:07:05.558599Z,2023-10-10T07:40:43.143Z,circuit-runner,,ibm_cairo,ibm-q-internal/deployed/default,,89
cmjfg68bbyng008nddf0,,Completed,,2023-10-10T07:07:05.220793Z,2023-10-10T07:26:26.694Z,circuit-runner,,ibm_hanoi,ibm-q-internal/deployed/default,,86
cmjfg5g974bg0085kjz0,,Completed,,2023-10-10T07:07:02.700734Z,2023-10-10T07:25:00.644Z,circuit-runner,,ibm_hanoi,ibm-q-internal/deployed/default,,85
cmjfg580hk70008sqvy0,,Completed,,2023-10-10T07:07:01.911374Z,2023-10-10T07:38:29.993Z,circuit-runner,,ibm_cairo,ibm-q-internal/deployed/default,,89
cmjfg4rbbyng008nddeg,,Completed,,2023-10-10T07:06:59.707898Z,2023-10-10T07:23:29.487Z,circuit-runner,,ibm_hanoi,ibm-q-internal/deployed/default,,85
cmj0xfx8axr00088hbz0,,Completed,,2023-10-09T14:31:27.285028Z,2023-10-09T14:43:57.439Z,circuit-runner,,ibm_cairo,ibm-q-internal/deployed/default,,46
cmj0xfd8axr00088hbyg,,Completed,,2023-10-09T14:31:25.171133Z,2023-10-09T14:43:10.802Z,circuit-runner,,ibm_cairo,ibm-q-internal/deployed/default,,90
cmj0xen8axr00088hby0,,Completed,,2023-10-09T14:31:22.504603Z,2023-10-09T14:41:40.131Z,circuit-runner,,ibm_cairo,ibm-q-internal/deployed/default,,90
cmj0xe53qqr0008dp9n0,,Completed,,2023-10-09T14:31:20.065239Z,2023-10-09T14:40:09.707Z,circuit-runner,,ibm_cairo,ibm-q-internal/deployed/default,,90
cmj0xdd3qqr0008dp9mg,,Completed,,2023-10-09T14:31:17.454065Z,2023-10-09T14:38:38.829Z,circuit-runner,,ibm_cairo,ibm-q-internal/deployed/default,,96
cmj0xcn8axr00088hbxg,,Completed,,2023-10-09T14:31:14.695223Z,2023-10-09T14:36:57.56Z,circuit-runner,,ibm_cairo,ibm-q-internal/deployed/default,,94
cmj0xc58axr00088hbx0,,Completed,,2023-10-09T14:31:12.355681Z,2023-10-09T14:34:52.838Z,circuit-runner,,ibm_cairo,ibm-q-internal/deployed/default,,99
cmj0xb53qqr0008dp9m0,,Completed,,2023-10-09T14:31:08.850069Z,2023-10-09T14:32:48.569Z,circuit-runner,,ibm_cairo,ibm-q-internal/deployed/default,,89
cmj0t48afep00087kr20,,Completed,,2023-10-09T14:24:17.68751Z,2023-10-09T14:35:47.804Z,circuit-runner,,ibm_hanoi,ibm-q-internal/deployed/default,,47
cmj0t3rafep00087kr1g,,Completed,,2023-10-09T14:24:15.808973Z,2023-10-09T14:35:00.961Z,circuit-runner,,ibm_hanoi,ibm-q-internal/deployed/default,,90
cmj0t38afep00087kr10,,Completed,,2023-10-09T14:24:13.487838Z,2023-10-09T14:33:31.003Z,circuit-runner,,ibm_hanoi,ibm-q-internal/deployed/default,,89
cmj0t2g8b8mg008vqqzg,,Completed,,2023-10-09T14:24:10.882256Z,2023-10-09T14:32:01.833Z,circuit-runner,,ibm_hanoi,ibm-q-internal/deployed/default,,89
cmj0t20afep00087kr0g,,Completed,,2023-10-09T14:24:08.20741Z,2023-10-09T14:30:31.416Z,circuit-runner,,ibm_hanoi,ibm-q-internal/deployed/default,,89
cmj0t188axr00088hbtg,,Completed,,2023-10-09T14:24:05.447707Z,2023-10-09T14:29:02.14Z,circuit-runner,,ibm_hanoi,ibm-q-internal/deployed/default,,87
cmj0t0g017sg008hkecg,,Completed,,2023-10-09T14:24:02.790178Z,2023-10-09T14:27:34.286Z,circuit-runner,,ibm_hanoi,ibm-q-internal/deployed/default,,87
cmj0t00017sg008hkec0,,Completed,,2023-10-09T14:24:00.220357Z,2023-10-09T14:25:53.818Z,circuit-runner,,ibm_hanoi,ibm-q-internal/deployed/default,,87
cmj0szz3qqr0008dp9hg,,Completed,,2023-10-09T14:23:59.345188Z,2023-10-09T14:28:48.669Z,circuit-runner,,ibm_cairo,ibm-q-internal/deployed/default,,78
cmj0syz8axr00088hbt0,,Completed,,2023-10-09T14:23:55.475932Z,2023-10-09T14:27:30.305Z,circuit-runner,,ibm_cairo,ibm-q-internal/deployed/default,,89
cmhwws38axr00088h5jg,,Completed,,2023-10-09T09:56:51.99061Z,2023-10-09T10:18:15.799Z,circuit-runner,,ibm_cairo,ibm-q-internal/deployed/default,,77
cmhwwrb6xkj0008qkpw0,,Completed,,2023-10-09T09:56:49.033051Z,2023-10-09T10:16:57.943Z,circuit-runner,,ibm_cairo,ibm-q-internal/deployed/default,,88
cmhwwgj8b8mg008vqh50,,Completed,,2023-10-09T09:56:18.129498Z,2023-10-09T09:59:07.415Z,circuit-runner,,ibm_hanoi,ibm-q-internal/deployed/default,,75
cmhwwfhafep00087kgk0,,Completed,,2023-10-09T09:56:14.922519Z,2023-10-09T09:57:51.917Z,circuit-runner,,ibm_hanoi,ibm-q-internal/deployed/default,,86
cmhwrh28axr00088h59g,,Cancelled,,2023-10-09T09:47:48.593065Z,2023-10-09T09:55:41.891225Z,circuit-runner,,ibm_cairo,ibm-q-internal/deployed/default,,0
cmhwrgj8axr00088h590,,Cancelled,,2023-10-09T09:47:46.464459Z,2023-10-09T09:55:42.208197Z,circuit-runner,,ibm_cairo,ibm-q-internal/deployed/default,,0
cmhwrf13qqr0008dp2gg,,Completed,,2023-10-09T09:47:40.915925Z,2023-10-09T09:50:27.163Z,circuit-runner,,ibm_hanoi,ibm-q-internal/deployed/default,,75
cmhwre18b8mg008vqgxg,,Completed,,2023-10-09T09:47:36.858373Z,2023-10-09T09:49:11.672Z,circuit-runner,,ibm_hanoi,ibm-q-internal/deployed/default,,86
cmhwk1c8b8mg008vqgs0,,Completed,,2023-10-09T09:36:05.92353Z,2023-10-09T09:39:20.749Z,circuit-runner,,ibm_hanoi,ibm-q-internal/deployed/default,,75
cmhwk0mafep00087kg7g,,Completed,,2023-10-09T09:36:02.707203Z,2023-10-09T09:37:40.029Z,circuit-runner,,ibm_hanoi,ibm-q-internal/deployed/default,,86
cmhweja017sg008hk7h0,,Cancelled,,2023-10-09T09:26:33.841352Z,2023-10-09T09:46:45.569266Z,circuit-runner,,ibm_cairo,ibm-q-internal/deployed/default,,0
cmhwehj017sg008hk7gg,,Cancelled,,2023-10-09T09:26:30.190402Z,2023-10-09T09:46:45.965186Z,circuit-runner,,ibm_cairo,ibm-q-internal/deployed/default,,0
cmhw3heafep00087kfe0,,Completed,,2023-10-09T09:03:01.21351Z,2023-10-09T09:14:32.246Z,circuit-runner,,ibm_cairo,ibm-q-internal/deployed/default,,45
cmhw3gy8axr00088h3v0,,Completed,,2023-10-09T09:02:59.512402Z,2023-10-09T09:13:47.245Z,circuit-runner,,ibm_cairo,ibm-q-internal/deployed/default,,89
cmhw3g6afep00087kfdg,,Completed,,2023-10-09T09:02:56.92255Z,2023-10-09T09:12:17.485Z,circuit-runner,,ibm_cairo,ibm-q-internal/deployed/default,,89
cmhw3fn8b8mg008vqg30,,Completed,,2023-10-09T09:02:54.71465Z,2023-10-09T09:10:47.648Z,circuit-runner,,ibm_cairo,ibm-q-internal/deployed/default,,89
cmhw3f5017sg008hk6x0,,Completed,,2023-10-09T09:02:51.996024Z,2023-10-09T09:09:17.669Z,circuit-runner,,ibm_cairo,ibm-q-internal/deployed/default,,89
cmhw3e5017sg008hk6wg,,Completed,,2023-10-09T09:02:48.836772Z,2023-10-09T09:07:47.719Z,circuit-runner,,ibm_cairo,ibm-q-internal/deployed/default,,88
cmhw3dd3qqr0008dp1hg,,Completed,,2023-10-09T09:02:45.539981Z,2023-10-09T09:06:03.83Z,circuit-runner,,ibm_cairo,ibm-q-internal/deployed/default,,88
cmhw3cdafep00087kfcg,,Completed,,2023-10-09T09:02:41.543618Z,2023-10-09T09:04:35.38Z,circuit-runner,,ibm_cairo,ibm-q-internal/deployed/default,,88
cmfag8s8vz2g008dageg,,Completed,,2023-10-05T12:12:19.890406Z,2023-10-05T17:03:06.545Z,circuit-runner,,ibm_hanoi,ibm-q-internal/deployed/default,,225
cmfag81fysfg008t2wgg,,Failed,Total samples exceeds the maximum number of samples for channel d4. (270432 > 258144),2023-10-05T12:12:16.890935Z,2023-10-05T16:59:09.43Z,circuit-runner,,ibm_hanoi,ibm-q-internal/deployed/default,,0
cmf9h5whjwn00086h3h0,,Completed,,2023-10-05T11:05:59.098247Z,2023-10-05T11:51:17.636Z,circuit-runner,,ibm_hanoi,ibm-q-internal/deployed/default,,282
cmf9h54wwm10008d8ew0,,Completed,,2023-10-05T11:05:56.262274Z,2023-10-05T11:46:23.226Z,circuit-runner,,ibm_hanoi,ibm-q-internal/deployed/default,,323
cmf7qc58vz2g008dacq0,,Completed,,2023-10-05T09:02:40.491699Z,2023-10-05T16:03:12.24Z,circuit-runner,,ibm_nairobi,ibm-q-internal/deployed/default,,281
cmf7qbdfysfg008t2qmg,,Completed,,2023-10-05T09:02:37.409368Z,2023-10-05T15:58:30.868Z,circuit-runner,,ibm_nairobi,ibm-q-internal/deployed/default,,323
cmf7pkj8vz2g008dacp0,,Completed,,2023-10-05T09:01:02.536121Z,2023-10-05T09:11:14.227Z,circuit-runner,,ibm_hanoi,ibm-q-internal/deployed/default,,281
cmf7pk28vz2g008dacng,,Completed,,2023-10-05T09:01:00.209525Z,2023-10-05T09:06:32.541Z,circuit-runner,,ibm_hanoi,ibm-q-internal/deployed/default,,323
cmenaqtwq3k0008t0bw0,,Completed,,2023-10-04T12:06:55.304405Z,2023-10-04T12:46:10.583Z,circuit-runner,,ibm_hanoi,ibm-q-internal/deployed/default,,281
cmenapty4c00008qwm50,,Completed,,2023-10-04T12:06:51.68159Z,2023-10-04T12:41:22.737Z,circuit-runner,,ibm_hanoi,ibm-q-internal/deployed/default,,322
cmek4tbte72g008jtaf0,,Completed,,2023-10-04T09:37:45.452974Z,2023-10-05T00:18:07.105Z,circuit-runner,,ibm_nairobi,ibm-q-internal/deployed/default,,281
cmek4skwq3k0008t09xg,,Completed,,2023-10-04T09:37:42.422714Z,2023-10-05T00:13:26.194Z,circuit-runner,,ibm_nairobi,ibm-q-internal/deployed/default,,323
cmejgnjte72g008jt9tg,,Completed,,2023-10-04T08:54:46.899877Z,2023-10-04T09:49:37.166Z,circuit-runner,,ibm_hanoi,ibm-q-internal/deployed/default,,282
cmejgmazjkb0008cs510,,Completed,,2023-10-04T08:54:41.871724Z,2023-10-04T09:42:03.747Z,circuit-runner,,ibm_hanoi,ibm-q-internal/deployed/default,,323
cmejees4z12g008ndmk0,,Completed,,2023-10-04T08:50:03.873569Z,2023-10-04T09:02:41.749Z,circuit-runner,,ibm_hanoi,ibm-q-internal/deployed/default,,287
cmejee9wq3k0008t0960,,Completed,,2023-10-04T08:50:01.007989Z,2023-10-04T08:57:47.139Z,circuit-runner,,ibm_hanoi,ibm-q-internal/deployed/default,,323
cmdy5enwq3k0008szgt0,,Completed,,2023-10-03T09:45:30.287872Z,2023-10-03T09:58:14.245Z,circuit-runner,,ibm_hanoi,ibm-q-internal/deployed/default,,281
cmdy5dxzjkb0008m2p8g,,Completed,,2023-10-03T09:45:27.607892Z,2023-10-03T09:52:36.214Z,circuit-runner,,ibm_hanoi,ibm-q-internal/deployed/default,,324
cmdx4v3zjkb0008m2n80,,Completed,,2023-10-03T08:35:56.298081Z,2023-10-03T12:16:02.639Z,circuit-runner,,ibm_nairobi,ibm-q-internal/deployed/default,,73
cmdx4tkzjkb0008m2n7g,,Completed,,2023-10-03T08:35:54.385021Z,2023-10-03T12:14:45.545Z,circuit-runner,,ibm_nairobi,ibm-q-internal/deployed/default,,83
cmdx134wq3k0008szfqg,,Completed,,2023-10-03T08:27:56.282136Z,2023-10-03T09:11:47.311Z,circuit-runner,,ibm_hanoi,ibm-q-internal/deployed/default,,281
cmdx12cte72g008jshh0,,Completed,,2023-10-03T08:27:53.070301Z,2023-10-03T09:04:04.612Z,circuit-runner,,ibm_hanoi,ibm-q-internal/deployed/default,,322
cmdx09swcht0008yb2g0,,Completed,,2023-10-03T08:26:15.859912Z,2023-10-03T08:34:53.774Z,circuit-runner,,ibm_nairobi,ibm-q-internal/deployed/default,,15
cmdwj10y4c00008hy3t0,,Completed,,2023-10-03T07:55:48.705953Z,2023-10-03T08:25:21.618Z,circuit-runner,,ibm_hanoi,ibm-q-internal/deployed/default,,17
cma1z2mq34zg008hpq3g,,Completed,,2023-09-27T12:26:50.624538Z,2023-09-27T13:33:20.957Z,circuit-runner,,ibm_cairo,ibm-q-internal/deployed/default,,7
cma1z24q34zg008hpq30,,Completed,,2023-09-27T12:26:48.656265Z,2023-09-27T13:32:57.088Z,circuit-runner,,ibm_cairo,ibm-q-internal/deployed/default,,93
cma1z0wp36w0008xcj4g,,Completed,,2023-09-27T12:26:43.907123Z,2023-09-27T13:30:53.861Z,circuit-runner,,ibm_cairo,ibm-q-internal/deployed/default,,91
cma1yrkcb93g008c7swg,,Completed,,2023-09-27T12:26:09.983566Z,2023-09-27T13:29:11.105Z,circuit-runner,,ibm_cairo,ibm-q-internal/deployed/default,,18
cma1hf5p36w0008xchq0,,Completed,,2023-09-27T11:57:48.737305Z,2023-09-27T13:25:45.142Z,circuit-runner,,ibmq_kolkata,ibm-q-internal/deployed/default,,10
cma1henpwcyg008a5v5g,,Completed,,2023-09-27T11:57:46.109246Z,2023-09-27T13:25:42.588Z,circuit-runner,,ibmq_kolkata,ibm-q-internal/deployed/default,,149
cma1hddcb93g008e6z4g,,Completed,,2023-09-27T11:57:41.341191Z,2023-09-27T13:22:38.17Z,circuit-runner,,ibmq_kolkata,ibm-q-internal/deployed/default,,148
cma0zm6p36w00085233g,,Completed,,2023-09-27T11:19:44.449572Z,2023-09-27T13:19:20.565Z,circuit-runner,,ibmq_kolkata,ibm-q-internal/deployed/default,,27
cm9z9rzp36w00085223g,,Failed,Failure during build: 'gaussian_square_d5,2023-09-27T09:24:51.099611Z,2023-09-27T09:25:44.286Z,circuit-runner,,ibm_cairo,ibm-q-internal/deployed/default,,0
cm9yp8sp4j4g0088kr3g,,Failed,Failure during build: 'gaussian_square_d5,2023-09-27T08:43:15.222608Z,2023-09-27T08:59:41.696Z,circuit-runner,,ibm_cairo,ibm-q-internal/deployed/default,,0
cm9yp5rcb93g008dr2cg,,Failed,Total samples exceeds the maximum number of samples for channel d1. (270432 > 258144),2023-09-27T08:43:03.553239Z,2023-09-27T08:59:46.177Z,circuit-runner,,ibm_cairo,ibm-q-internal/deployed/default,,0
cm9y4bsp4j4g008mssp0,,Failed,Failure during build: 'drag_d5,2023-09-27T08:05:03.198909Z,2023-09-27T08:10:23.158Z,circuit-runner,,ibm_cairo,ibm-q-internal/deployed/default,,0
cm9fbe54vkzg00899660,,Completed,,2023-09-26T15:16:08.44636Z,2023-09-26T17:46:43.818Z,circuit-runner,,ibm_cairo,ibm-q-internal/deployed/default,,89
cm9f4a924em0008mm6d0,,Completed,,2023-09-26T15:00:57.494549Z,2023-09-26T15:08:18.845Z,circuit-runner,,ibm_cairo,ibm-q-internal/deployed/default,,61
cm9eyj24vkzg008995wg,,Completed,,2023-09-26T14:48:40.341534Z,2023-09-26T14:59:18.681Z,circuit-runner,,ibm_cairo,ibm-q-internal/deployed/default,,61